,0,1,2,3,4,5,6,7,8,9,10,11
0,, , , , ,CONTAINER RAIL MOVES HISTORY, ,PIER CONTAINER HISTORY, , ,TEU HISTORY, 
1,0.0,0,0,PERIOD,INTERMODAL,CHS RAIL MOVES RATIO,LOADED,EMPTY,TOTAL,LOADED,EMPTY,TOTAL
2,1.0,1,1,,DRAYS,,EXPORT IMPORT,EXPORT IMPORT,,EXPORT IMPORT,EXPORT IMPORT,
3,2.0,2,2,"July, 1997",0,0 0.00%,"2 5,562 2 2,855","3 ,002 7 ,390","5 8,809","4 3,734 3 8,533","5 ,010 1 3,241","1 00,518"
4,3.0,3,3,"August, 1997",0,0 0.00%,"2 7,963 2 1,439","3 ,178 6 ,314","5 8,894","4 7,827 3 5,836","5 ,028 1 1,043","9 9,734"
5,4.0,4,4,"September, 1997",0,0 0.00%,"2 6,648 2 1,328","3 ,338 6 ,899","5 8,213","4 5,075 3 5,943","5 ,561 1 2,582","9 9,161"
6,5.0,5,5,"October, 1997",0,0 0.00%,"2 6,617 2 4,101","2 ,906 8 ,549","6 2,173","4 5,376 4 0,723","4 ,418 1 4,773","1 05,290"
7,6.0,6,6,"November, 1997",0,0 0.00%,"2 7,321 1 9,382","1 ,922 8 ,804","5 7,429","4 6,387 3 2,463","3 ,328 1 4,473","9 6,651"
8,7.0,7,7,"December, 1997",0,0 0.00%,"2 7,416 2 3,654","3 ,720 1 0,510","6 5,300","4 6,982 3 9,316","5 ,917 1 9,097","1 11,312"
9,8.0,8,8,"January, 1998",0,0 0.00%,"2 6,613 2 1,529","4 ,092 9 ,699","6 1,933","4 6,011 3 6,497","6 ,241 1 7,940","1 06,689"
10,9.0,9,9,"February, 1998",0,0 0.00%,"2 8,663 2 1,683","3 ,537 7 ,382","6 1,265","4 8,942 3 6,994","5 ,496 1 3,085","1 04,517"
11,10.0,10,10,"March, 1998",0,0 0.00%,"3 0,727 2 4,213","2 ,888 1 0,127","6 7,955","5 2,986 4 1,411","4 ,393 1 7,669","1 16,459"
12,11.0,11,11,"April, 1998",0,0 0.00%,"2 8,713 2 4,212","2 ,212 6 ,753","6 1,890","4 9,520 4 1,318","3 ,104 1 2,387","1 06,329"
13,12.0,12,12,"May, 1998",0,0 0.00%,"2 9,036 2 4,144","3 ,536 7 ,670","6 4,386","5 0,518 4 1,284","5 ,360 1 3,543","1 10,705"
14,13.0,13,13,"June, 1998",0,0 0.00%,"2 6,501 2 2,850","3 ,165 6 ,869","5 9,385","4 5,460 3 9,215","5 ,073 1 2,146","1 01,894"
15,14.0,14,14,"July, 1998",0,0 0.00%,"2 3,977 2 3,533","4 ,966 6 ,548","5 9,024","4 1,375 4 0,646","8 ,125 1 1,364","1 01,510"
16,15.0,15,15,"August, 1998",0,0 0.00%,"2 7,241 2 5,208","6 ,381 4 ,681","6 3,511","4 7,693 4 3,165","1 1,096 8 ,178","1 10,132"
17,16.0,16,16,"September, 1998",0,0 0.00%,"2 5,052 2 3,013","5 ,232 4 ,054","5 7,351","4 3,200 3 9,674","8 ,281 6 ,744","9 7,899"
18,17.0,17,17,"October, 1998",0,0 0.00%,"2 7,361 2 4,894","4 ,516 5 ,780","6 2,551","4 7,873 4 3,177","7 ,170 9 ,881","1 08,101"
19,18.0,18,18,"November, 1998",0,0 0.00%,"2 6,715 2 3,774","5 ,084 6 ,594","6 2,167","4 7,288 4 0,883","8 ,144 1 1,311","1 07,626"
20,19.0,19,19,"December, 1998",0,0 0.00%,"2 5,454 2 3,263","6 ,367 6 ,587","6 1,671","4 4,483 3 9,883","9 ,913 1 1,374","1 05,653"
21,20.0,20,20,"January, 1999",0,0 0.00%,"2 6,714 2 1,527","4 ,765 8 ,757","6 1,763","4 7,414 3 6,988","7 ,278 1 5,072","1 06,752"
22,21.0,21,21,"February, 1999",0,0 0.00%,"2 6,849 2 2,421","5 ,747 5 ,941","6 0,958","4 7,914 3 8,478","8 ,863 1 1,173","1 06,428"
23,22.0,22,22,"March, 1999",0,0 0.00%,"3 0,063 2 7,178","4 ,061 8 ,039","6 9,341","5 2,732 4 6,461","6 ,987 1 4,778","1 20,958"
24,23.0,23,23,"April, 1999",0,0 0.00%,"3 0,580 2 6,447","6 ,262 8 ,546","7 1,835","5 3,447 4 5,685","9 ,858 1 5,233","1 24,223"
25,24.0,24,24,"May, 1999",0,0 0.00%,"3 0,965 2 8,544","7 ,374 7 ,475","7 4,358","5 3,305 4 9,707","1 1,613 1 2,597","1 27,222"
26,25.0,25,25,"June, 1999",0,0 0.00%,"3 0,821 2 9,587","7 ,977 7 ,513","7 5,898","5 3,522 5 1,527","1 3,197 1 2,868","1 31,114"
27,26.0,26,26,"July, 1999",0,0 0.00%,"3 0,080 2 9,160","7 ,535 5 ,553","7 2,328","5 2,187 5 0,749","1 1,949 9 ,649","1 24,533"
28,27.0,27,27,"August, 1999",0,0 0.00%,"3 0,998 2 8,856","7 ,223 7 ,238","7 4,315","5 4,158 5 0,077","1 1,875 1 2,391","1 28,500"
29,28.0,28,28,"September, 1999",0,0 0.00%,"3 1,378 2 8,211","8 ,568 5 ,386","7 3,543","5 4,489 4 8,775","1 4,154 8 ,734","1 26,151"
30,29.0,29,29,"October, 1999",0,0 0.00%,"3 5,117 2 7,466","5 ,782 8 ,833","7 7,198","6 1,237 4 7,523","9 ,076 1 5,167","1 33,002"
31,30.0,30,30,"November, 1999",0,0 0.00%,"3 3,788 2 8,169","6 ,529 6 ,517","7 5,003","5 8,696 4 8,524","1 0,827 1 1,708","1 29,754"
32,31.0,31,31,"December, 1999",0,0 0.00%,"3 2,781 2 5,948","7 ,196 8 ,201","7 4,126","5 7,192 4 5,136","1 1,413 1 4,267","1 28,007"
33,32.0,32,32,"January, 2000",0,0 0.00%,"3 2,018 2 6,961","6 ,938 7 ,961","7 3,878","5 6,714 4 6,789","1 1,514 1 4,394","1 29,412"
34,33.0,33,33,"February, 2000",0,0 0.00%,"3 2,246 2 5,952","4 ,487 7 ,724","7 0,409","5 7,206 4 4,971","7 ,080 1 3,890","1 23,147"
35,34.0,34,34,"March, 2000",0,0 0.00%,"3 5,545 2 9,960","5 ,694 8 ,837","8 0,036","6 3,240 5 2,092","9 ,037 1 6,381","1 40,750"
36,35.0,35,35,"April, 2000",0,0 0.00%,"3 5,414 3 1,519","6 ,239 4 ,688","7 7,860","6 2,583 5 5,329","1 0,069 7 ,995","1 35,976"
37,36.0,36,36,"May, 2000",0,0 0.00%,"3 1,082 2 9,463","8 ,218 5 ,818","7 4,581","5 5,266 5 1,596","1 3,702 1 0,558","1 31,121"
38,37.0,37,37,"June, 2000",0,0 0.00%,"3 5,624 3 2,133","8 ,861 6 ,444","8 3,062","6 2,461 5 5,823","1 4,674 1 1,157","1 44,114"
39,38.0,38,38,"July, 2000",0,0 0.00%,"2 9,308 3 2,291","1 3,576 6 ,332","8 1,507","5 1,352 5 6,508","2 3,260 1 1,682","1 42,801"
40,39.0,39,39,"August, 2000",0,0 0.00%,"3 1,644 3 2,316","1 2,470 2 ,995","7 9,425","5 5,954 5 6,109","2 1,374 5 ,427","1 38,864"
41,40.0,40,40,"September, 2000",0,0 0.00%,"3 1,915 2 9,893","1 1,473 5 ,501","7 8,782","5 6,296 5 2,058","1 9,584 9 ,749","1 37,687"
42,41.0,41,41,"October, 2000",0,0 0.00%,"2 9,386 3 0,298","1 1,095 6 ,504","7 7,283","5 1,614 5 2,729","1 8,460 1 2,055","1 34,857"
43,42.0,42,42,"November, 2000",0,0 0.00%,"3 2,646 3 0,836","1 0,313 5 ,783","7 9,578","5 7,025 5 2,925","1 7,882 9 ,429","1 37,261"
44,43.0,43,43,"December, 2000",0,0 0.00%,"2 9,396 3 2,121","1 2,299 7 ,057","8 0,873","5 1,675 5 5,555","2 0,743 1 2,013","1 39,985"
45,44.0,44,44,"January, 2001",0,0 0.00%,"2 8,323 2 6,727","9 ,247 7 ,037","7 1,334","4 9,769 4 6,228","1 4,402 1 1,177","1 21,575"
46,45.0,45,45,"February, 2001",0,0 0.00%,"3 1,070 2 9,437","1 0,805 4 ,628","7 5,940","5 4,435 5 0,980","1 7,827 7 ,615","1 30,857"
47,46.0,46,46,"March, 2001",0,0 0.00%,"3 3,571 3 2,120","8 ,440 7 ,161","8 1,292","5 9,320 5 5,879","1 3,869 1 2,354","1 41,422"
48,47.0,47,47,"April, 2001",0,0 0.00%,"3 0,207 2 8,005","7 ,531 7 ,143","7 2,886","5 3,117 4 8,437","1 2,258 1 2,424","1 26,237"
49,48.0,48,48,"May, 2001",0,0 0.00%,"3 1,216 3 0,734","1 2,847 5 ,719","8 0,516","5 4,878 5 3,250","2 1,456 1 0,407","1 39,990"
50,49.0,49,49,"June, 2001",0,0 0.00%,"2 8,265 2 9,505","1 0,742 5 ,286","7 3,798","4 9,093 5 1,506","1 8,466 8 ,978","1 28,042"
51,50.0,50,50,"July, 2001",0,0 0.00%,"2 5,015 3 0,309","1 0,820 2 ,068","6 8,212","4 3,384 5 3,072","1 8,784 3 ,443","1 18,683"
52,51.0,51,51,"August, 2001",0,0 0.00%,"2 7,768 3 0,994","1 2,397 2 ,849","7 4,008","4 8,466 5 4,386","2 1,960 4 ,794","1 29,607"
53,52.0,52,52,"September, 2001",0,0 0.00%,"2 5,389 2 8,892","1 0,110 3 ,160","6 7,551","4 4,500 5 0,708","1 7,970 5 ,600","1 18,778"
54,53.0,53,53,"October, 2001",0,0 0.00%,"2 8,385 3 0,716","1 2,182 5 ,027","7 6,310","4 9,096 5 3,854","2 1,311 9 ,108","1 33,368"
55,54.0,54,54,"November, 2001",0,0 0.00%,"2 7,373 2 8,446","1 2,873 4 ,278","7 2,970","4 7,867 4 9,606","2 2,899 7 ,346","1 27,718"
56,55.0,55,55,"December, 2001",0,0 0.00%,"2 7,478 2 8,873","8 ,202 2 ,258","6 6,811","4 7,717 5 0,367","1 3,646 3 ,765","1 15,494"
57,56.0,56,56,"January, 2002",0,0 0.00%,"2 4,155 2 5,375","7 ,100 2 ,213","5 8,843","4 1,635 4 4,309","1 2,080 3 ,701","1 01,724"
58,57.0,57,57,"February, 2002",0,0 0.00%,"2 6,965 2 7,498","1 0,640 3 ,806","6 8,909","4 6,871 4 8,187","1 8,380 6 ,172","1 19,610"
59,58.0,58,58,"March, 2002",0,0 0.00%,"3 4,247 3 1,892","1 0,489 4 ,345","8 0,973","6 0,112 5 5,409","1 7,584 7 ,540","1 40,645"
60,59.0,59,59,"April, 2002",0,0 0.00%,"2 8,088 3 0,794","1 0,188 3 ,421","7 2,491","4 8,918 5 3,407","1 7,166 5 ,942","1 25,433"
61,60.0,60,60,"May, 2002",0,0 0.00%,"2 9,637 3 3,956","1 1,438 4 ,018","7 9,049","5 1,903 5 9,426","1 9,582 6 ,646","1 37,556"
62,61.0,61,61,"June, 2002",0,0 0.00%,"2 9,055 3 3,719","1 5,319 2 ,420","8 0,513","5 1,236 5 9,002","2 6,876 3 ,654","1 40,768"
63,62.0,62,62,"July, 2002",0,0 0.00%,"2 2,803 3 4,668","1 5,448 1 ,014","7 3,933","3 9,609 6 0,968","2 6,527 1 ,870","1 28,973"
64,63.0,63,63,"August, 2002",0,0 0.00%,"2 9,163 3 5,812","1 7,456 2 ,059","8 4,490","5 1,370 6 3,076","3 1,204 3 ,488","1 49,138"
65,64.0,64,64,"September, 2002",0,0 0.00%,"2 4,561 3 2,441","1 5,577 1 ,981","7 4,560","4 3,029 5 6,972","2 7,668 3 ,396","1 31,065"
66,65.0,65,65,"October, 2002",0,0 0.00%,"2 6,550 3 3,451","1 5,405 2 ,185","7 7,591","4 6,659 5 9,045","2 7,325 3 ,721","1 36,749"
67,66.0,66,66,"November, 2002",0,0 0.00%,"2 8,104 3 3,648","1 3,481 3 ,056","7 8,289","4 8,520 5 9,311","2 4,241 5 ,809","1 37,881"
68,67.0,67,67,"December, 2002",0,0 0.00%,"2 8,868 3 4,953","1 5,848 2 ,532","8 2,201","4 9,525 6 1,217","2 8,167 4 ,385","1 43,294"
69,68.0,68,68,"January, 2003",0,0 0.00%,"2 7,785 3 2,864","1 2,490 2 ,726","7 5,865","4 7,984 5 7,181","2 2,283 4 ,562","1 32,010"
70,69.0,69,69,"February, 2003",0,0 0.00%,"2 8,623 3 3,026","1 1,301 2 ,002","7 4,952","5 0,099 5 8,144","1 9,478 3 ,671","1 31,391"
71,70.0,70,70,"March, 2003",0,0 0.00%,"3 5,135 3 5,251","1 5,392 3 ,267","8 9,045","6 1,792 6 1,758","2 7,365 5 ,734","1 56,648"
72,71.0,71,71,"April, 2003",0,0 0.00%,"2 8,727 3 5,409","1 4,291 2 ,313","8 0,740","5 0,457 6 2,275","2 5,260 3 ,664","1 41,656"
73,72.0,72,72,"May, 2003",0,0 0.00%,"2 8,007 3 4,581","1 5,157 1 ,293","7 9,038","4 9,279 6 1,109","2 6,327 2 ,386","1 39,100"
74,73.0,73,73,"June, 2003",0,0 0.00%,"2 8,413 3 5,842","2 0,808 2 ,543","8 7,606","4 9,999 6 2,376","3 6,913 4 ,531","1 53,819"
75,74.0,74,74,"July, 2003",0,0 0.00%,"2 4,582 3 7,384","1 5,216 1 ,966","7 9,148","4 2,581 6 5,937","2 6,716 3 ,573","1 38,807"
76,75.0,75,75,"August, 2003",0,0 0.00%,"2 8,351 3 8,054","1 7,079 1 ,901","8 5,385","4 9,657 6 7,680","3 0,309 3 ,124","1 50,770"
77,76.0,76,76,"September, 2003",0,0 0.00%,"2 4,265 3 3,732","1 5,903 1 ,016","7 4,916","4 2,726 5 9,802","2 8,538 1 ,815","1 32,881"
78,77.0,77,77,"October, 2003",0,0 0.00%,"2 8,268 3 8,598","1 4,639 2 ,634","8 4,139","4 9,622 6 7,918","2 5,929 4 ,722","1 48,191"
79,78.0,78,78,"November, 2003",0,0 0.00%,"2 6,877 3 4,789","1 6,819 3 ,243","8 1,728","4 7,500 6 0,746","2 8,493 6 ,000","1 42,738"
80,79.0,79,79,"December, 2003",0,0 0.00%,"2 5,884 3 3,392","8 ,878 2 ,223","7 0,377","4 5,235 5 8,692","1 5,477 3 ,434","1 22,838"
81,80.0,80,80,"January, 2004",0,0 0.00%,"2 9,006 3 4,437","1 2,068 2 ,714","7 8,225","5 1,109 6 0,706","2 0,598 4 ,478","1 36,891"
82,81.0,81,81,"February, 2004",0,0 0.00%,"3 0,845 3 4,535","9 ,024 5 ,309","7 9,713","5 3,354 6 0,766","1 5,434 8 ,328","1 37,882"
83,82.0,82,82,"March, 2004",0,0 0.00%,"3 3,465 3 9,361","1 1,415 5 ,237","8 9,478","5 8,007 6 8,309","2 0,479 8 ,811","1 55,606"
84,83.0,83,83,"April, 2004",0,0 0.00%,"2 9,195 3 8,687","1 8,446 1 ,932","8 8,260","5 0,844 6 8,138","3 2,062 3 ,215","1 54,258"
85,84.0,84,84,"May, 2004",0,0 0.00%,"3 2,521 4 1,575","1 6,741 3 ,102","9 3,939","5 6,500 7 2,149","2 9,011 4 ,867","1 62,527"
86,85.0,85,85,"June, 2004",0,0 0.00%,"2 8,121 3 7,260","1 2,859 3 ,149","8 1,389","4 8,685 6 4,929","2 2,707 4 ,878","1 41,199"
87,86.0,86,86,"July, 2004",0,0 0.00%,"2 9,644 4 5,060","1 6,285 3 ,119","9 4,108","5 1,137 7 8,833","2 6,912 4 ,833","1 61,715"
88,87.0,87,87,"August, 2004",0,0 0.00%,"3 1,571 4 2,967","1 7,147 3 ,150","9 4,835","5 4,931 7 5,337","2 9,393 5 ,347","1 65,008"
89,88.0,88,88,"September, 2004",0,0 0.00%,"2 9,347 4 0,096","1 5,243 3 ,285","8 7,971","5 0,065 6 9,584","2 6,580 5 ,104","1 51,332"
90,89.0,89,89,"October, 2004",0,0 0.00%,"3 3,746 4 4,971","1 9,603 4 ,093","1 02,413","5 7,293 7 8,513","3 3,462 6 ,134","1 75,402"
91,90.0,90,90,"November, 2004",0,0 0.00%,"3 1,295 4 0,136","1 4,265 3 ,761","8 9,457","5 4,261 6 9,612","2 4,927 6 ,460","1 55,260"
92,91.0,91,91,"December, 2004",0,0 0.00%,"3 2,748 4 2,039","1 7,325 3 ,380","9 5,492","5 6,782 7 3,223","3 1,028 5 ,805","1 66,838"
93,92.0,92,92,"January, 2005",0,0 0.00%,"3 3,543 4 0,623","1 5,489 4 ,021","9 3,676","5 8,351 7 0,756","2 7,090 6 ,911","1 63,108"
94,93.0,93,93,"February, 2005",0,0 0.00%,"3 2,405 3 9,194","1 2,614 2 ,664","8 6,877","5 6,250 6 8,919","2 1,533 4 ,890","1 51,592"
95,94.0,94,94,"March, 2005",0,0 0.00%,"3 4,562 4 4,971","1 2,533 3 ,637","9 5,703","6 0,231 7 8,397","2 1,390 6 ,217","1 66,235"
96,95.0,95,95,"April, 2005",0,0 0.00%,"3 4,323 4 5,421","1 4,308 4 ,202","9 8,254","5 9,697 8 0,140","2 5,366 7 ,185","1 72,388"
97,96.0,96,96,"May, 2005",0,0 0.00%,"3 5,284 4 6,557","1 9,207 2 ,761","1 03,809","6 1,783 8 1,708","3 3,478 5 ,246","1 82,214"
98,97.0,97,97,"June, 2005",0,0 0.00%,"3 1,691 4 0,068","1 7,157 2 ,817","9 1,733","5 5,605 7 0,036","2 9,408 4 ,736","1 59,784"
99,98.0,98,98,"July, 2005",0,0 0.00%,"3 2,411 4 5,377","2 0,007 2 ,177","9 9,972","5 6,911 7 9,870","3 5,469 4 ,111","1 76,361"
100,99.0,99,99,"August, 2005",0,0 0.00%,"3 1,565 4 4,721","1 5,410 3 ,532","9 5,228","5 4,920 7 7,988","2 6,935 6 ,554","1 66,396"
101,100.0,100,100,"September, 2005",0,0 0.00%,"2 9,713 3 9,533","1 8,030 1 ,803","8 9,079","5 2,050 6 9,599","3 0,707 3 ,434","1 55,790"
102,101.0,101,101,"October, 2005",0,0 0.00%,"3 1,491 4 3,412","1 8,521 2 ,511","9 5,935","5 5,838 7 6,536","3 2,148 4 ,514","1 69,034"
103,102.0,102,102,"November, 2005",0,0 0.00%,"3 0,020 4 3,343","1 7,758 2 ,426","9 3,547","5 3,250 7 5,257","3 0,443 4 ,171","1 63,121"
104,103.0,103,103,"December, 2005",0,0 0.00%,"3 0,505 4 1,136","1 7,467 2 ,271","9 1,379","5 3,907 7 1,670","2 9,531 3 ,758","1 58,865"
105,104.0,104,104,"January, 2006",0,0 0.00%,"3 2,118 4 2,833","1 7,076 2 ,901","9 4,928","5 7,004 7 5,312","2 8,701 5 ,077","1 66,094"
106,105.0,105,105,"February, 2006",0,0 0.00%,"2 8,352 3 9,721","1 5,362 3 ,384","8 6,819","4 9,879 6 9,972","2 6,349 5 ,393","1 51,593"
107,106.0,106,106,"March, 2006",0,0 0.00%,"3 3,674 4 2,730","1 2,664 3 ,079","9 2,147","5 9,631 7 5,007","2 0,683 5 ,486","1 60,807"
108,107.0,107,107,"April, 2006",0,0 0.00%,"3 1,488 4 5,495","1 5,542 2 ,102","9 4,627","5 5,615 8 0,395","2 6,621 3 ,526","1 66,156"
109,108.0,108,108,"May, 2006",0,0 0.00%,"3 3,762 4 3,323","1 7,691 2 ,292","9 7,068","5 9,054 7 6,101","3 0,849 3 ,827","1 69,831"
110,109.0,109,109,"June, 2006",0,0 0.00%,"3 2,935 4 4,907","1 8,212 3 ,299","9 9,353","5 7,676 7 8,504","3 2,547 6 ,034","1 74,760"
111,110.0,110,110,"July, 2006",0,0 0.00%,"2 9,765 4 4,414","1 8,062 2 ,297","9 4,538","5 1,962 7 8,549","3 1,511 4 ,016","1 66,038"
112,111.0,111,111,"August, 2006",0,0 0.00%,"3 1,889 4 2,577","1 9,013 2 ,175","9 5,654","5 5,301 7 4,756","3 3,848 3 ,636","1 67,541"
113,112.0,112,112,"September, 2006",0,0 0.00%,"3 0,805 4 3,881","1 7,023 1 ,312","9 3,021","5 3,415 7 7,593","2 9,917 2 ,248","1 63,173"
114,113.0,113,113,"October, 2006",0,0 0.00%,"3 2,165 4 3,032","1 9,760 2 ,068","9 7,025","5 6,343 7 5,818","3 4,956 3 ,462","1 70,577"
115,114.0,114,114,"November, 2006",0,0 0.00%,"3 0,404 3 7,109","1 5,106 4 ,484","8 7,103","5 3,480 6 4,669","2 5,661 7 ,939","1 51,748"
116,115.0,115,115,"December, 2006",0,0 0.00%,"3 3,378 3 9,682","1 5,021 3 ,501","9 1,582","5 8,562 6 9,556","2 5,886 6 ,154","1 60,157"
117,116.0,116,116,"January, 2007",0,0 0.00%,"3 0,577 3 6,042","1 1,871 4 ,312","8 2,802","5 3,717 6 2,981","2 0,213 7 ,259","1 44,169"
118,117.0,117,117,"February, 2007",0,0 0.00%,"3 1,170 3 4,212","1 1,884 3 ,896","8 1,162","5 5,244 6 0,109","2 0,090 6 ,512","1 41,954"
0,, , , , ,CONTAINER RAIL MOVES HISTORY, ,PIER CONTAINER HISTORY, , ,TEU HISTORY, 
1,0.0,0,0,PERIOD,INTERMODAL,CHS RAIL MOVES RATIO,LOADED,EMPTY,TOTAL,LOADED,EMPTY,TOTAL
2,1.0,1,1,,DRAYS,,EXPORT IMPORT,EXPORT IMPORT,,EXPORT IMPORT,EXPORT IMPORT,
3,2.0,2,2,"March, 2007",0,0 0.00%,"3 6,005 4 0,763","1 3,453 3 ,688","9 3,909","6 3,864 7 1,351","2 2,290 6 ,451","1 63,956"
4,3.0,3,3,"April, 2007",0,0 0.00%,"3 2,213 3 8,543","1 3,124 3 ,000","8 6,880","5 7,123 6 7,630","2 3,076 5 ,285","1 53,114"
5,4.0,4,4,"May, 2007",0,0 0.00%,"3 2,392 3 6,573","1 1,811 3 ,576","8 4,352","5 6,601 6 3,664","2 0,705 6 ,221","1 47,191"
6,5.0,5,5,"June, 2007",0,0 0.00%,"3 4,022 3 9,287","1 1,356 3 ,417","8 8,082","5 9,492 6 9,010","2 0,043 5 ,488","1 54,033"
7,6.0,6,6,"July, 2007",0,0 0.00%,"2 8,562 3 6,043","1 2,085 3 ,144","7 9,834","4 9,389 6 2,877","2 0,938 4 ,544","1 37,748"
8,7.0,7,7,"August, 2007",0,0 0.00%,"3 2,735 3 8,484","1 2,680 3 ,664","8 7,563","5 6,556 6 7,641","2 1,867 5 ,169","1 51,233"
9,8.0,8,8,"September, 2007",0,0 0.00%,"3 2,486 3 6,866","1 0,856 3 ,407","8 3,615","5 5,804 6 4,723","1 9,339 5 ,679","1 45,544"
10,9.0,9,9,"October, 2007",0,0 0.00%,"3 1,543 3 4,949","9 ,630 3 ,054","7 9,176","5 4,775 6 1,404","1 7,770 5 ,184","1 39,132"
11,10.0,10,10,"November, 2007",0,0 0.00%,"3 3,888 3 4,242","9 ,013 4 ,197","8 1,340","5 8,674 5 9,831","1 5,614 7 ,455","1 41,573"
12,11.0,11,11,"December, 2007",0,0 0.00%,"3 2,703 3 4,191","6 ,113 4 ,030","7 7,037","5 6,843 5 9,525","1 0,936 7 ,425","1 34,729"
13,12.0,12,12,"January, 2008",0,0 0.00%,"3 0,752 3 1,070","8 ,088 4 ,628","7 4,538","5 3,662 5 4,027","1 3,623 7 ,562","1 28,874"
14,13.0,13,13,"February, 2008",0,0 0.00%,"3 5,806 3 4,734","7 ,077 3 ,661","8 1,278","6 3,023 6 0,573","1 1,593 5 ,725","1 40,913"
15,14.0,14,14,"March, 2008",0,0 0.00%,"3 3,529 3 6,025","6 ,872 3 ,336","7 9,762","5 8,681 6 2,682","1 2,006 6 ,105","1 39,474"
16,15.0,15,15,"April, 2008",0,0 0.00%,"3 4,525 3 4,418","6 ,542 3 ,598","7 9,083","6 0,652 5 9,653","1 0,724 6 ,667","1 37,695"
17,16.0,16,16,"May, 2008",0,0 0.00%,"3 6,997 3 8,183","9 ,441 4 ,816","8 9,437","6 5,520 6 6,335","1 6,634 9 ,064","1 57,553"
18,17.0,17,17,"June, 2008",0,0 0.00%,"3 4,715 3 2,781","7 ,187 5 ,445","8 0,128","6 1,250 5 7,055","1 1,922 9 ,809","1 40,036"
19,18.0,18,18,"July, 2008",0,0 0.00%,"3 2,461 3 4,476","6 ,846 5 ,636","7 9,419","5 6,722 6 0,131","1 1,587 9 ,751","1 38,191"
20,19.0,19,19,"August, 2008",0,0 0.00%,"3 5,856 3 5,666","9 ,181 4 ,982","8 5,685","6 3,186 6 2,454","1 5,442 8 ,113","1 49,195"
21,20.0,20,20,"September, 2008",0,0 0.00%,"3 1,291 3 1,219","5 ,908 3 ,188","7 1,606","5 5,917 5 4,680","1 0,135 5 ,424","1 26,156"
22,21.0,21,21,"October, 2008",0,0 0.00%,"3 0,468 3 6,462","1 2,894 4 ,050","8 3,874","5 4,294 6 3,890","2 1,174 7 ,521","1 46,878"
23,22.0,22,22,"November, 2008",0,0 0.00%,"2 5,465 2 9,314","1 1,728 4 ,462","7 0,969","4 5,581 5 0,779","1 9,243 7 ,629","1 23,231"
24,23.0,23,23,"December, 2008",0,0 0.00%,"2 2,197 2 5,641","1 0,759 2 ,647","6 1,244","3 9,781 4 4,378","1 8,203 4 ,977","1 07,339"
25,24.0,24,24,"January, 2009",0,0 0.00%,"2 2,667 2 5,757","9 ,597 3 ,013","6 1,034","4 0,885 4 4,577","1 5,532 5 ,429","1 06,423"
26,25.0,25,25,"February, 2009",0,0 0.00%,"2 1,776 2 3,890","6 ,479 3 ,397","5 5,542","3 9,290 4 1,790","9 ,922 6 ,545","9 7,547"
27,26.0,26,26,"March, 2009",0,0 0.00%,"2 2,691 2 2,754","4 ,657 3 ,151","5 3,253","4 0,589 3 9,113","7 ,991 5 ,847","9 3,540"
28,27.0,27,27,"April, 2009",0,0 0.00%,"2 1,579 2 2,387","6 ,222 3 ,311","5 3,499","3 8,247 3 8,650","1 0,568 6 ,467","9 3,932"
29,28.0,28,28,"May, 2009",0,0 0.00%,"2 3,945 2 3,335","4 ,457 4 ,004","5 5,741","4 2,148 4 0,454","7 ,298 7 ,704","9 7,603"
30,29.0,29,29,"June, 2009",0,0 0.00%,"2 1,434 2 1,968","4 ,564 2 ,388","5 0,354","3 7,912 3 8,179","7 ,377 4 ,477","8 7,945"
31,30.0,30,30,"July, 2009",0,0 0.00%,"2 3,173 2 7,002","5 ,495 2 ,933","5 8,603","4 0,876 4 6,992","9 ,011 5 ,327","1 02,205"
32,31.0,31,31,"August, 2009",0,0 0.00%,"2 2,960 2 2,954","6 ,227 4 ,637","5 6,778","4 0,202 3 9,696","1 0,089 8 ,687","9 8,674"
33,32.0,32,32,"September, 2009",0,0 0.00%,"2 4,086 2 3,196","4 ,279 5 ,288","5 6,849","4 1,615 4 0,551","7 ,248 9 ,239","9 8,653"
34,33.0,33,33,"October, 2009",0,0 0.00%,"2 6,269 2 7,150","5 ,872 3 ,855","6 3,146","4 5,916 4 6,823","9 ,694 6 ,872","1 09,305"
35,34.0,34,34,"November, 2009",0,0 0.00%,"2 4,695 2 2,979","4 ,708 4 ,657","5 7,039","4 2,729 3 9,867","7 ,549 8 ,169","9 8,313"
36,35.0,35,35,"December, 2009",0,0 0.00%,"2 4,194 2 3,748","3 ,238 5 ,697","5 6,877","4 1,946 4 0,572","5 ,474 9 ,226","9 7,217"
37,36.0,36,36,"January, 2010",0,0 0.00%,"2 5,620 2 3,454","5 ,800 6 ,970","6 1,844","4 4,557 4 0,088","9 ,667 1 1,511","1 05,822"
38,37.0,37,37,"February, 2010",0,0 0.00%,"2 6,001 2 3,658","4 ,385 5 ,448","5 9,492","4 4,674 4 1,044","7 ,018 9 ,164","1 01,900"
39,38.0,38,38,"March, 2010",0,0 0.00%,"2 8,114 2 4,954","4 ,081 9 ,098","6 6,247","4 8,900 4 2,533","6 ,336 1 5,982","1 13,750"
40,39.0,39,39,"April, 2010",0,0 0.00%,"2 9,791 2 8,013","5 ,700 5 ,253","6 8,757","5 1,997 4 8,127","9 ,061 8 ,372","1 17,556"
41,40.0,40,40,"May, 2010",0,0 0.00%,"2 6,386 2 8,152","8 ,247 5 ,453","6 8,238","4 6,106 4 8,487","1 4,049 9 ,428","1 18,070"
42,41.0,41,41,"June, 2010",0,0 0.00%,"2 6,026 2 6,709","8 ,397 6 ,206","6 7,338","4 5,552 4 6,044","1 3,897 1 0,804","1 16,297"
43,42.0,42,42,"July, 2010",0,0 0.00%,"2 6,982 3 0,977","1 0,073 5 ,786","7 3,818","4 7,366 5 3,611","1 7,170 9 ,815","1 27,963"
44,43.0,43,43,"August, 2010",0,0 0.00%,"2 5,953 2 9,378","1 0,162 3 ,220","6 8,713","4 4,855 5 0,959","1 7,368 4 ,871","1 18,053"
45,44.0,44,44,"September, 2010",0,0 0.00%,"2 3,436 2 7,740","7 ,087 2 ,795","6 1,058","4 0,938 4 8,182","1 2,331 4 ,829","1 06,279"
46,45.0,45,45,"October, 2010",0,0 0.00%,"2 8,226 2 8,805","8 ,162 4 ,736","6 9,929","4 9,466 5 0,210","1 3,573 7 ,980","1 21,229"
47,46.0,46,46,"November, 2010",0,0 0.00%,"2 6,251 2 6,119","6 ,880 6 ,001","6 5,251","4 5,081 4 4,968","1 1,803 8 ,864","1 10,716"
48,47.0,47,47,"December, 2010",0,0 0.00%,"2 4,599 2 5,297","6 ,638 5 ,871","6 2,405","4 2,411 4 3,466","1 0,711 1 0,279","1 06,866"
49,48.0,48,48,"January, 2011",0,0 0.00%,"2 8,048 2 7,097","5 ,635 5 ,083","6 5,863","4 8,560 4 6,757","9 ,176 8 ,207","1 12,699"
50,49.0,49,49,"February, 2011",0,0 0.00%,"2 6,956 2 5,042","5 ,527 6 ,013","6 3,538","4 6,998 4 3,254","8 ,759 9 ,983","1 08,994"
51,50.0,50,50,"March, 2011",0,0 0.00%,"3 0,641 2 8,561","4 ,481 6 ,143","6 9,826","5 3,731 4 9,143","6 ,832 1 0,559","1 20,265"
52,51.0,51,51,"April, 2011",0,0 0.00%,"2 6,814 2 8,295","6 ,650 4 ,671","6 6,430","4 7,371 4 8,818","1 0,394 8 ,082","1 14,664"
53,52.0,52,52,"May, 2011",0,0 0.00%,"2 7,618 2 8,791","8 ,133 5 ,034","6 9,576","4 9,256 4 9,589","1 2,716 8 ,979","1 20,539"
54,53.0,53,53,"June, 2011",0,0 0.00%,"2 4,853 2 9,865","7 ,813 4 ,037","6 6,568","4 4,310 5 1,459","1 2,140 7 ,360","1 15,268"
55,54.0,54,54,"July, 2011",0,0 0.00%,"2 4,475 2 9,845","8 ,273 2 ,667","6 5,260","4 3,169 5 1,477","1 4,010 4 ,848","1 13,503"
56,55.0,55,55,"August, 2011",0,0 0.00%,"2 5,761 3 0,461","8 ,697 1 ,465","6 6,384","4 5,122 5 2,896","1 4,374 2 ,442","1 14,833"
57,56.0,56,56,"September, 2011",0,0 0.00%,"2 7,929 3 0,650","9 ,182 4 ,504","7 2,265","4 9,181 5 3,511","1 4,972 7 ,367","1 25,032"
58,57.0,57,57,"October, 2011",0,0 0.00%,"2 6,284 2 8,644","7 ,074 3 ,702","6 5,704","4 6,130 5 0,041","1 1,343 6 ,136","1 13,650"
59,58.0,58,58,"November, 2011",0,0 0.00%,"2 4,928 2 8,989","7 ,024 3 ,439","6 4,380","4 4,176 5 0,331","1 1,754 6 ,171","1 12,431"
60,59.0,59,59,"December, 2011",0,0 0.00%,"2 6,385 2 7,832","4 ,880 3 ,988","6 3,085","4 7,151 4 8,218","7 ,503 6 ,600","1 09,472"
61,60.0,60,60,"January, 2012",0,0 0.00%,"2 4,196 2 8,296","7 ,700 4 ,434","6 4,626","4 3,327 4 9,100","1 2,169 7 ,979","1 12,575"
62,61.0,61,61,"February, 2012",0,0 0.00%,"2 8,043 2 8,488","5 ,720 5 ,253","6 7,504","5 0,439 4 9,706","8 ,938 9 ,970","1 19,052"
63,62.0,62,62,"March, 2012",0,0 0.00%,"3 0,066 3 2,502","8 ,802 5 ,675","7 7,045","5 3,445 5 6,104","1 4,564 1 0,746","1 34,857"
64,63.0,63,63,"April, 2012",166,166 0.23%,"2 6,526 3 0,418","1 0,260 3 ,903","7 1,107","4 7,230 5 2,895","1 6,333 6 ,980","1 23,439"
65,64.0,64,64,"May, 2012",377,377 0.50%,"2 8,300 3 4,053","9 ,933 3 ,330","7 5,616","5 0,349 5 9,830","1 5,971 6 ,348","1 32,498"
66,65.0,65,65,"June, 2012","1,791","1,791 2.60%","2 5,730 2 9,297","9 ,325 4 ,523","6 8,875","4 5,679 5 1,457","1 5,459 8 ,370","1 20,964"
67,66.0,66,66,"July, 2012","2,134","2,134 2.84%","2 7,663 3 3,504","1 1,208 2 ,826","7 5,201","4 8,774 5 8,853","1 9,200 4 ,941","1 31,767"
68,67.0,67,67,"August, 2012","1,944","1,944 2.48%","2 8,482 3 4,549","1 1,105 4 ,144","7 8,280","5 0,697 6 0,670","1 8,584 7 ,088","1 37,039"
69,68.0,68,68,"September, 2012","1,884","1,884 2.52%","2 9,823 3 0,334","1 0,626 3 ,889","7 4,672","5 2,983 5 3,272","1 8,194 7 ,238","1 31,686"
70,69.0,69,69,"October, 2012","3,553","3,553 5.16%","2 5,465 2 9,681","1 0,925 2 ,774","6 8,845","4 5,383 5 2,202","1 8,189 5 ,036","1 20,810"
71,70.0,70,70,"November, 2012","2,140","2,140 2.99%","2 8,335 3 1,085","7 ,222 4 ,875","7 1,517","5 0,573 5 4,458","1 2,105 8 ,644","1 25,780"
72,71.0,71,71,"December, 2012","3,990","3,990 5.61%","3 1,541 2 7,907","6 ,739 4 ,918","7 1,105","5 6,155 4 8,425","1 0,849 8 ,691","1 24,120"
73,72.0,72,72,"January, 2013","5,715","5,715 8.26%","2 6,324 2 8,749","9 ,757 4 ,326","6 9,156","4 6,812 4 9,992","1 6,224 8 ,259","1 21,286"
74,73.0,73,73,"February, 2013","6,610","6,610 8.82%","3 2,684 3 1,571","6 ,198 4 ,486","7 4,939","5 8,022 5 5,083","9 ,954 8 ,576","1 31,634"
75,74.0,74,74,"March, 2013","6,361","6,361 8.23%","3 2,255 3 1,226","7 ,156 6 ,676","7 7,313","5 7,193 5 4,886","1 2,210 1 2,588","1 36,877"
76,75.0,75,75,"April, 2013","6,584","6,584 8.54%","3 0,962 3 0,980","9 ,914 5 ,204","7 7,060","5 4,832 5 3,650","1 7,058 9 ,178","1 34,718"
77,76.0,76,76,"May, 2013","7,256","7,256 9.10%","3 1,433 3 3,554","1 0,224 4 ,485","7 9,696","5 5,837 5 8,371","1 7,035 7 ,900","1 39,143"
78,77.0,77,77,"June, 2013","6,876","6,876 9.55%","2 9,805 2 9,709","8 ,515 3 ,977","7 2,006","5 2,541 5 1,365","1 3,937 7 ,414","1 25,257"
79,78.0,78,78,"July, 2013","9,653","9,653 12.52%","2 7,627 3 2,299","1 1,545 5 ,655","7 7,126","4 8,598 5 6,631","1 9,942 1 0,988","1 36,159"
80,79.0,79,79,"August, 2013","8,432","8,432 10.22%","3 2,235 3 4,230","1 2,369 3 ,651","8 2,485","5 7,065 6 0,021","2 0,893 6 ,670","1 44,649"
81,80.0,80,80,"September, 2013","8,279","8,279 10.95%","2 9,441 3 1,315","1 0,582 4 ,257","7 5,595","5 2,321 5 4,943","1 7,863 7 ,885","1 33,011"
82,81.0,81,81,"October, 2013","9,885","9,980 12.61%","2 9,618 3 3,170","1 1,532 4 ,822","7 9,142","5 3,010 5 8,825","2 0,085 9 ,129","1 41,049"
83,82.0,82,82,"November, 2013","8,606","9,361 12.46%","3 0,691 3 1,016","8 ,974 4 ,433","7 5,114","5 5,448 5 4,663","1 5,034 8 ,336","1 33,481"
84,83.0,83,83,"December, 2013","8,561","9,424 13.43%","2 7,407 2 9,748","8 ,355 4 ,685","7 0,195","4 9,221 5 2,103","1 3,928 8 ,851","1 24,103"
85,84.0,84,84,"January, 2014","10,229","11,211 15.29%","2 9,166 3 0,957","8 ,385 4 ,795","7 3,303","5 3,013 5 4,425","1 3,266 8 ,859","1 29,562"
86,85.0,85,85,"February, 2014","12,409","13,823 18.74%","2 9,599 3 0,290","8 ,063 5 ,810","7 3,762","5 3,661 5 3,169","1 2,641 1 0,277","1 29,747"
87,86.0,86,86,"March, 2014","13,082","14,726 17.20%","3 5,453 3 6,200","7 ,794 6 ,169","8 5,616","6 4,272 6 2,980","1 2,341 1 0,923","1 50,516"
88,87.0,87,87,"April, 2014","14,234","16,251 18.79%","3 3,636 3 6,151","1 1,906 4 ,812","8 6,505","6 0,641 6 2,982","1 8,995 9 ,173","1 51,790"
89,88.0,88,88,"May, 2014","13,496","15,686 17.06%","3 5,494 3 7,011","1 2,165 7 ,278","9 1,948","6 4,102 6 4,704","1 9,394 1 3,459","1 61,658"
90,89.0,89,89,"June, 2014","13,132","15,062 17.54%","3 1,433 3 5,400","1 4,737 4 ,324","8 5,894","5 6,802 6 2,107","2 3,037 7 ,237","1 49,183"
91,90.0,90,90,"July, 2014","15,401","17,119 19.48%","3 0,616 3 7,459","1 4,865 4 ,942","8 7,882","5 5,739 6 5,888","2 3,450 8 ,840","1 53,916"
92,91.0,91,91,"August, 2014","13,670","15,766 16.91%","3 3,703 3 7,192","1 5,620 6 ,706","9 3,221","6 0,727 6 5,453","2 5,878 1 1,913","1 63,970"
93,92.0,92,92,"September, 2014","14,552","16,977 19.82%","3 0,925 3 5,810","1 3,640 5 ,263","8 5,638","5 6,216 6 2,655","2 2,486 9 ,432","1 50,790"
94,93.0,93,93,"October, 2014","14,580","17,465 18.49%","3 2,948 4 0,380","1 6,289 4 ,853","9 4,470","6 0,174 7 0,326","2 5,990 8 ,182","1 64,672"
95,94.0,94,94,"November, 2014","12,839","14,892 18.06%","3 1,511 3 4,604","1 2,900 3 ,451","8 2,466","5 7,519 6 0,087","2 0,376 6 ,237","1 44,218"
96,95.0,95,95,"December, 2014","14,884","16,547 20.16%","2 9,908 3 5,388","1 3,323 3 ,457","8 2,076","5 4,578 6 0,804","2 0,993 5 ,581","1 41,956"
97,96.0,96,96,"January, 2015","15,176","17,577 19.83%","3 0,561 3 7,597","1 5,482 4 ,979","8 8,619","5 5,859 6 5,101","2 2,982 8 ,976","1 52,917"
98,97.0,97,97,"February, 2015","15,019","17,555 20.35%","3 4,839 3 4,915","1 1,451 5 ,053","8 6,258","6 4,063 6 1,486","1 7,835 9 ,542","1 52,925"
99,98.0,98,98,"March, 2015","17,331","19,623 20.19%","3 6,480 3 9,676","1 5,619 5 ,416","9 7,191","6 6,428 6 9,414","2 4,985 1 0,286","1 71,113"
100,99.0,99,99,"April, 2015","17,823","20,543 21.36%","3 4,620 4 1,041","1 5,014 5 ,491","9 6,166","6 2,946 7 0,763","2 4,167 1 0,306","1 68,182"
101,100.0,100,100,"May, 2015","17,845","20,783 19.98%","3 6,278 4 3,332","2 0,485 3 ,908","1 04,003","6 5,657 7 6,069","3 2,991 7 ,092","1 81,809"
102,101.0,101,101,"June, 2015","19,820","22,896 23.62%","3 4,288 4 0,894","1 8,054 3 ,680","9 6,916","6 1,976 7 1,535","2 9,627 6 ,776","1 69,913"
103,102.0,102,102,"July, 2015","20,622","23,615 23.82%","3 3,049 4 2,913","1 9,994 3 ,188","9 9,144","6 0,038 7 5,666","3 3,751 5 ,768","1 75,223"
104,103.0,103,103,"August, 2015","19,354","22,597 23.40%","3 4,596 4 0,333","1 8,693 2 ,937","9 6,559","6 2,762 7 0,827","3 1,363 5 ,575","1 70,528"
105,104.0,104,104,"September, 2015","20,052","23,344 24.86%","3 3,075 3 9,944","1 8,528 2 ,360","9 3,907","6 0,504 7 0,426","3 2,088 4 ,531","1 67,549"
106,105.0,105,105,"October, 2015","17,558","20,480 22.01%","3 3,003 4 1,804","1 5,463 2 ,776","9 3,046","5 9,961 7 4,046","2 5,535 5 ,192","1 64,734"
107,106.0,106,106,"November, 2015","16,729","19,479 22.62%","3 2,691 3 6,179","1 4,588 2 ,662","8 6,120","5 9,482 6 3,485","2 5,518 5 ,109","1 53,594"
108,107.0,107,107,"December, 2015","17,364","19,948 24.21%","2 9,414 3 7,662","1 3,401 1 ,921","8 2,398","5 3,739 6 6,381","2 1,158 3 ,441","1 44,718"
109,108.0,108,108,"January, 2016","14,317","17,715 21.61%","2 8,660 3 7,384","1 4,051 1 ,898","8 1,993","5 2,290 6 6,295","2 3,083 3 ,425","1 45,092"
110,109.0,109,109,"February, 2016","17,184","20,664 23.31%","3 5,193 3 9,059","1 1,597 2 ,794","8 8,643","6 3,961 6 9,477","1 9,286 5 ,238","1 57,962"
111,110.0,110,110,"March, 2016","18,176","22,072 22.96%","3 4,129 4 2,055","1 6,314 3 ,625","9 6,123","6 2,398 7 4,288","2 7,458 6 ,596","1 70,740"
112,111.0,111,111,"April, 2016","15,007","18,959 21.22%","3 3,645 3 9,092","1 4,975 1 ,614","8 9,326","6 1,560 6 8,813","2 4,527 3 ,060","1 57,959"
113,112.0,112,112,"May, 2016","17,639","21,160 21.00%","3 6,366 4 3,904","1 8,576 1 ,928","1 00,774","6 6,552 7 7,225","3 0,398 3 ,691","1 77,865"
114,113.0,113,113,"June, 2016","16,298","19,347 21.79%","3 1,725 4 0,879","1 4,341 1 ,828","8 8,773","5 8,068 7 1,822","2 3,768 3 ,550","1 57,207"
115,114.0,114,114,"July, 2016","17,670","20,382 20.31%","3 4,103 4 5,908","1 7,992 2 ,363","1 00,366","6 2,160 8 1,120","2 9,410 4 ,575","1 77,265"
116,115.0,115,115,"August, 2016","21,833","25,536 25.25%","3 5,593 4 3,301","1 9,825 2 ,406","1 01,125","6 5,220 7 7,223","3 3,198 4 ,512","1 80,153"
117,116.0,116,116,"September, 2016","18,512","22,371 24.37%","3 4,383 4 1,810","1 2,827 2 ,764","9 1,784","6 2,598 7 4,009","2 1,130 5 ,121","1 62,858"
118,117.0,117,117,"October, 2016","17,203","21,198 22.17%","3 6,420 4 4,168","1 2,239 2 ,781","9 5,608","6 6,187 7 8,341","2 0,217 4 ,732","1 69,477"
119,118.0,118,118,"November, 2016","19,447","22,993 23.22%","3 5,426 4 1,621","1 7,552 4 ,442","9 9,041","6 5,099 7 3,910","2 8,225 7 ,984","1 75,217"
120,119.0,119,119,"December, 2016","17,937","20,881 22.46%","3 4,155 4 0,273","1 4,909 3 ,619","9 2,956","6 2,618 7 0,813","2 4,214 6 ,836","1 64,480"
121,120.0,120,120,"January, 2017","18,418","21,848 20.85%","3 6,386 4 7,157","1 8,062 3 ,187","1 04,792","6 6,868 8 3,098","2 9,299 5 ,753","1 85,018"
122,121.0,121,121,"February, 2017","19,766","23,367 23.78%","3 6,219 4 1,644","1 6,691 3 ,705","9 8,259","6 6,296 7 3,855","2 8,682 6 ,988","1 75,820"
123,122.0,122,122,"March, 2017","19,966","24,296 22.30%","3 8,649 4 5,759","1 9,677 4 ,876","1 08,961","7 0,347 8 1,137","3 2,265 8 ,662","1 92,411"
124,123.0,123,123,"April, 2017","16,979","21,537 20.06%","3 6,642 4 7,035","2 0,390 3 ,273","1 07,340","6 6,911 8 2,897","3 3,717 5 ,791","1 89,315"
125,124.0,124,124,"May, 2017","25,002","25,002 24.17%","3 8,280 4 4,681","1 7,352 3 ,149","1 03,462","6 9,862 7 8,398","2 8,207 5 ,986","1 82,452"
0,, , , , ,CONTAINER RAIL MOVES HISTORY, ,PIER CONTAINER HISTORY, , ,TEU HISTORY, 
1,0.0,0,0,PERIOD,INTERMODAL,CHS RAIL MOVES RATIO,LOADED,EMPTY,TOTAL,LOADED,EMPTY,TOTAL
2,1.0,1,1,,DRAYS,,EXPORT IMPORT,EXPORT IMPORT,,EXPORT IMPORT,EXPORT IMPORT,
3,2.0,2,2,"June, 2017","22,439","22,439 21.57%","3 6,104 4 6,604","1 9,050 2 ,252","1 04,010","6 5,539 8 1,307","3 2,209 4 ,182","1 83,237"
4,3.0,3,3,"July, 2017","18,526","18,526 17.93%","3 5,044 4 5,125","2 0,719 2 ,431","1 03,319","6 3,454 7 9,631","3 4,839 4 ,487","1 82,411"
5,4.0,4,4,"August, 2017","25,152","25,152 25.05%","3 5,956 4 4,382","1 8,224 1 ,865","1 00,427","6 4,959 7 8,083","3 1,296 3 ,391","1 77,728"
6,5.0,5,5,"September, 2017","21,977","21,977 21.57%","3 5,443 4 5,269","1 8,820 2 ,370","1 01,902","6 4,857 7 9,150","3 1,389 4 ,461","1 79,856"
7,6.0,6,6,"October, 2017","23,114","23,114 22.21%","3 9,495 4 6,184","1 5,444 2 ,963","1 04,086","7 1,637 8 0,728","2 4,740 5 ,723","1 82,827"
8,7.0,7,7,"November, 2017","18,602","18,602 20.15%","3 5,108 4 3,334","1 0,974 2 ,913","9 2,329","6 3,782 7 6,580","1 7,760 5 ,471","1 63,592"
9,8.0,8,8,"December, 2017","18,029","18,029 17.38%","3 8,049 4 5,932","1 7,116 2 ,659","1 03,756","6 9,693 8 0,423","2 7,823 4 ,945","1 82,884"
10,9.0,9,9,"January, 2018","20,018","20,018 21.10%","3 2,904 4 4,452","1 4,852 2 ,644","9 4,852","5 9,746 7 8,169","2 4,725 4 ,759","1 67,398"
11,10.0,10,10,"February, 2018","21,878","21,878 22.96%","3 7,779 4 0,179","1 3,939 3 ,383","9 5,280","6 9,063 7 0,397","2 3,031 5 ,990","1 68,480"
12,11.0,11,11,"March, 2018","26,037","26,037 22.91%","4 0,620 5 0,226","1 7,793 5 ,024","1 13,663","7 3,637 8 8,483","2 8,328 9 ,210","1 99,659"
13,12.0,12,12,"April, 2018","21,477","21,477 19.18%","4 3,861 4 5,301","1 8,220 4 ,605","1 11,987","8 0,125 7 8,275","3 0,300 7 ,739","1 96,439"
14,13.0,13,13,"May, 2018","23,965","23,965 21.11%","4 0,926 4 8,881","1 9,783 3 ,941","1 13,531","7 4,576 8 5,277","3 1,234 6 ,350","1 97,437"
15,14.0,14,14,"June, 2018","23,947","23,947 20.70%","3 7,429 4 8,811","2 5,535 3 ,921","1 15,696","6 8,060 8 5,416","4 0,583 7 ,105","2 01,163"
16,15.0,15,15,"July, 2018","26,297","26,297 23.01%","3 8,123 4 9,822","2 2,335 4 ,017","1 14,297","6 9,492 8 7,549","3 6,617 6 ,936","2 00,594"
17,16.0,16,16,"August, 2018","27,978","27,978 23.91%","3 6,791 5 1,290","2 3,937 5 ,019","1 17,037","6 6,739 9 0,569","4 0,506 8 ,728","2 06,541"
18,17.0,17,17,"September, 2018","21,674","21,674 22.01%","2 9,969 4 5,614","1 9,854 3 ,025","9 8,462","5 5,055 8 0,182","3 3,003 4 ,986","1 73,226"
19,18.0,18,18,"October, 2018","28,385","28,385 22.78%","3 8,951 5 2,741","2 6,326 6 ,609","1 24,627","7 0,605 9 2,947","4 3,091 1 0,393","2 17,035"
20,19.0,19,19,"November, 2018","25,360","25,360 23.53%","3 3,908 4 7,994","2 2,469 3 ,391","1 07,762","6 1,903 8 4,125","3 6,894 5 ,662","1 88,583"
21,20.0,20,20,"December, 2018","24,603","24,603 21.58%","3 3,276 5 1,093","2 6,092 3 ,557","1 14,018","6 0,871 8 9,079","4 3,309 6 ,442","1 99,701"
22,21.0,21,21,"January, 2019","28,294","28,294 23.77%","3 5,054 5 0,726","2 8,158 5 ,104","1 19,042","6 3,750 8 8,107","4 5,712 8 ,120","2 05,689"
23,22.0,22,22,"February, 2019","27,355","27,355 27.14%","3 4,002 4 3,843","1 9,366 3 ,583","1 00,794","6 2,086 7 7,667","3 1,869 6 ,510","1 78,131"
24,23.0,23,23,"March, 2019","28,213","28,213 23.37%","4 2,524 5 2,908","2 2,115 3 ,170","1 20,717","7 7,704 9 2,875","3 7,439 6 ,095","2 14,113"
25,24.0,24,24,"April, 2019","29,478","29,478 25.32%","4 0,080 5 0,170","2 1,874 4 ,319","1 16,443","7 3,295 8 7,675","3 5,969 7 ,682","2 04,621"
26,25.0,25,25,"May, 2019","31,727","31,727 26.88%","3 9,151 5 0,272","2 5,035 3 ,590","1 18,048","7 1,399 8 8,009","3 8,875 6 ,175","2 04,457"
27,26.0,26,26,"June, 2019","31,074","31,074 27.50%","3 6,394 4 8,851","2 3,325 4 ,418","1 12,988","6 6,496 8 6,076","3 9,463 8 ,371","2 00,406"
28,27.0,27,27,"July, 2019","30,471","30,471 25.46%","3 9,552 5 2,578","2 3,285 4 ,285","1 19,700","7 2,126 9 2,707","3 8,174 7 ,535","2 10,542"
29,28.0,28,28,"August, 2019","31,353","31,353 23.71%","4 0,211 5 8,336","2 8,931 4 ,755","1 32,233","7 3,927 1 03,221","4 8,363 7 ,599","2 33,110"
30,29.0,29,29,"September, 2019","26,315","26,315 23.92%","3 3,458 5 0,865","2 3,412 2 ,290","1 10,025","6 1,494 9 0,111","3 9,408 3 ,935","1 94,948"
31,30.0,30,30,"October, 2019","27,684","27,684 22.58%","3 8,063 5 3,293","2 7,213 4 ,022","1 22,591","6 9,952 9 5,302","4 5,191 6 ,914","2 17,360"
32,31.0,31,31,"November, 2019","24,199","24,199 23.20%","3 4,264 4 6,860","2 0,548 2 ,652","1 04,324","6 2,831 8 2,785","3 4,357 4 ,955","1 84,928"
33,32.0,32,32,"December, 2019","26,352","26,352 24.91%","3 3,635 4 6,367","2 2,425 3 ,356","1 05,783","6 1,903 8 1,779","3 7,829 6 ,371","1 87,882"
34,33.0,33,33,"January, 2020","29,385","29,385 24.71%","3 6,916 5 1,253","2 6,815 3 ,959","1 18,943","6 8,505 9 0,665","4 4,752 7 ,098","2 11,020"
35,34.0,34,34,"February, 2020","29,765","29,765 26.83%","4 0,288 4 9,763","1 7,858 3 ,018","1 10,927","7 4,235 8 8,178","2 9,117 5 ,684","1 97,214"
36,35.0,35,35,"March, 2020","29,307","29,307 27.91%","3 9,822 4 3,433","1 7,712 4 ,036","1 05,003","7 3,077 7 6,019","2 8,911 7 ,625","1 85,631"
37,36.0,36,36,"April, 2020","20,683","20,683 20.52%","3 0,945 4 7,445","1 9,683 2 ,737","1 00,810","5 6,611 8 2,899","3 1,463 5 ,178","1 76,152"
38,37.0,37,37,"May, 2020","22,290","22,290 22.75%","3 2,356 4 2,210","2 0,496 2 ,904","9 7,966","5 8,972 7 3,072","3 2,400 5 ,262","1 69,705"
39,38.0,38,38,"June, 2020","25,358","25,358 28.48%","3 1,524 3 9,770","1 5,606 2 ,127","8 9,027","5 7,935 6 9,775","2 5,021 3 ,762","1 56,494"
40,39.0,39,39,"July, 2020","27,145","27,145 27.30%","3 1,230 4 5,879","2 0,819 1 ,503","9 9,431","5 7,628 8 1,530","3 5,140 2 ,676","1 76,974"
41,40.0,40,40,"August, 2020","30,355","30,355 26.11%","3 6,134 5 3,956","2 4,952 1 ,206","1 16,248","6 6,825 9 6,965","4 2,817 2 ,230","2 08,837"
42,41.0,41,41,"September, 2020","29,134","29,134 27.02%","3 2,916 5 0,045","2 1,886 2 ,969","1 07,816","6 0,245 9 0,399","3 8,804 5 ,653","1 95,101"
43,42.0,42,42,"October, 2020","31,724","31,724 26.44%","3 7,757 5 3,820","2 5,406 3 ,003","1 19,986","6 9,093 9 6,563","4 4,717 5 ,824","2 16,196"
44,43.0,43,43,"November, 2020","29,755","29,755 25.90%","3 5,209 5 1,963","2 5,407 2 ,320","1 14,899","6 4,447 9 3,369","4 5,090 4 ,161","2 07,066"
45,44.0,44,44,"December, 2020","31,349","31,349 26.87%","3 6,438 5 2,279","2 5,396 2 ,572","1 16,685","6 7,239 9 3,568","4 3,990 4 ,810","2 09,606"
46,45.0,45,45,"January, 2021","29,172","29,172 24.06%","3 6,871 5 3,639","2 8,234 2 ,492","1 21,236","6 7,937 9 5,478","4 8,224 4 ,626","2 16,265"
47,46.0,46,46,"February, 2021","29,185","29,185 28.72%","3 6,498 4 5,852","1 7,341 1 ,918","1 01,609","6 7,411 8 1,899","2 9,293 3 ,666","1 82,269"
48,47.0,47,47,"March, 2021","34,661","34,661 25.14%","4 2,695 6 3,565","2 6,779 4 ,816","1 37,855","7 9,077 1 13,867","4 6,872 8 ,981","2 48,796"
49,48.0,48,48,"April, 2021","27,718","27,718 22.01%","3 9,605 5 8,936","2 4,813 2 ,605","1 25,959","7 3,333 1 05,054","4 2,252 4 ,497","2 25,136"
50,49.0,49,49,"May, 2021","26,624","26,624 20.72%","3 9,374 5 9,701","2 5,917 3 ,527","1 28,519","7 3,281 1 07,050","4 4,445 6 ,095","2 30,870"
51,50.0,50,50,"June, 2021","27,827","27,827 21.63%","3 7,476 5 8,643","2 7,623 4 ,880","1 28,622","6 8,990 1 05,668","4 8,037 9 ,064","2 31,758"
52,51.0,51,51,"July, 2021","25,607","25,607 18.67%","3 5,511 6 6,686","3 1,678 3 ,283","1 37,158","6 5,655 1 19,445","5 4,188 5 ,534","2 44,821"
53,52.0,52,52,"August, 2021","26,381","26,381 20.18%","3 5,107 6 3,698","2 9,845 2 ,079","1 30,729","6 5,207 1 14,671","5 1,084 3 ,727","2 34,688"
54,53.0,53,53,"September, 2021","25,967","25,967 22.88%","3 3,068 5 4,718","2 4,183 1 ,517","1 13,486","6 1,705 9 8,208","4 2,152 2 ,943","2 05,008"
55,54.0,54,54,"October, 2021","27,344","27,344 20.97%","3 6,270 6 0,370","3 0,772 3 ,005","1 30,417","6 7,595 1 07,773","5 3,612 5 ,943","2 34,923"
56,55.0,55,55,"November, 2021","28,821","28,821 20.80%","3 6,145 7 0,530","2 8,006 3 ,892","1 38,573","6 7,639 1 27,081","4 8,819 7 ,172","2 50,711"
57,56.0,56,56,"December, 2021","29,007","29,007 21.10%","3 0,540 6 5,900","3 7,253 3 ,813","1 37,506","5 7,136 1 18,710","6 4,055 6 ,298","2 46,198"
58,57.0,57,57,"January, 2022","22,947","22,947 18.29%","2 8,925 6 4,938","3 0,078 1 ,511","1 25,452","5 4,256 1 17,181","5 2,103 2 ,976","2 26,515"
59,58.0,58,58,"February, 2022","23,160","23,160 18.17%","2 9,059 6 6,274","3 1,160 9 99","1 27,492","5 4,755 1 19,582","5 4,141 1 ,942","2 30,420"
60,59.0,59,59,"March, 2022","27,201","27,201 18.71%","3 6,451 7 3,257","3 4,684 1 ,023","1 45,415","6 9,017 1 32,203","6 1,093 2 ,021","2 64,334"
61,60.0,60,60,"April, 2022","23,873","23,873 16.38%","2 9,393 7 7,946","3 7,725 7 15","1 45,779","5 5,571 1 40,730","6 6,405 1 ,392","2 64,099"
62,61.0,61,61,"May, 2022","25,391","25,391 17.90%","2 8,347 7 0,380","4 2,137 9 59","1 41,823","5 3,312 1 26,320","7 3,638 1 ,835","2 55,104"
63,62.0,62,62,"June, 2022","23,590","23,590 21.62%","2 3,672 5 0,610","3 4,012 8 30","1 09,124","4 4,694 9 0,090","5 9,788 1 ,653","1 96,225"
64,63.0,63,63,"July, 2022","19,798","19,798 16.52%","2 6,159 5 8,440","3 4,246 1 ,027","1 19,872","4 9,309 1 04,846","6 0,020 1 ,923","2 16,097"
65,64.0,64,64,"August, 2022","21,500","21,500 17.48%","2 7,763 6 2,517","3 1,687 1 ,044","1 23,011","5 1,884 1 13,864","5 5,630 2 ,034","2 23,411"
